Title,Rank,Studio,Gross,Year
Avengers: Endgame,1,Buena Vista,2796.3,2019
Avatar,2,Fox,2789.7,2009
Titanic,3,Paramount,2187.5,1997
Star Wars: The Force Awakens,4,Buena Vista,2068.2,2015
Avengers: Infinity War,5,Buena Vista,2048.4,2018
Jurassic World,6,Universal,1671.7,2015
Marvel's The Avengers,7,Buena Vista,1518.8,2012
Furious 7,8,Universal,1516.0,2015
Avengers: Age of Ultron,9,Buena Vista,1405.4,2015
Black Panther,10,Buena Vista,1346.9,2018
Harry Potter and the Deathly Hallows Part 2,11,Warner Brothers,1341.7,2011
Star Wars: The Last Jedi,12,Buena Vista,1332.5,2017
Jurassic World: Fallen Kingdom,13,Universal,1309.5,2018
Frozen,14,Buena Vista,1276.5,2013
Beauty and the Beast,15,Buena Vista,1263.5,2017
Incredibles 2,16,Buena Vista,1242.8,2018
The Fate of the Furious,17,Universal,1236.0,2017
Iron Man 3,18,Buena Vista,1214.8,2013
Minions,19,Universal,1159.4,2015
Captain America: Civil War,20,Buena Vista,1153.3,2016
Aquaman,21,Warner Brothers,1148.0,2018
Captain Marvel,22,Buena Vista,1128.3,2019
Transformers: Dark of the Moon,23,Paramount,1123.8,2011
The Lord of the Rings: The Return of the King,24,New Line,1119.9,2003
Skyfall,25,Sony,1108.6,2012
Transformers: Age of Extinction,26,Paramount,1104.1,2014
The Dark Knight Rises,27,Warner Brothers,1084.9,2012
Toy Story 3,28,Buena Vista,1067.0,2010
Pirates of the Caribbean: Dead Man's Chest,29,Buena Vista,1066.2,2006
Rogue One: A Star Wars Story,30,Buena Vista,1056.1,2016
Pirates of the Caribbean: On Stranger Tides,31,Buena Vista,1045.7,2011
Despicable Me 3,32,Universal,1034.8,2017
Jurassic Park,33,Universal,1029.5,1993
Finding Dory,34,Buena Vista,1028.6,2016
Star Wars: Episode I - The Phantom Menace,35,Fox,1027.0,1999
Alice in Wonderland,36,Buena Vista,1025.5,2010
Zootopia,37,Buena Vista,1023.8,2016
The Hobbit: An Unexpected Journey,38,Warner Brothers,1021.1,2012
The Dark Knight,39,Warner Brothers,1004.9,2008
Harry Potter and the Sorcerer's Stone,40,Warner Brothers,975.1,2001
Despicable Me 2,41,Universal,970.8,2013
The Lion King,42,Buena Vista,968.5,1994
The Jungle Book,43,Buena Vista,966.6,2016
Pirates of the Caribbean: At World's End,44,Buena Vista,963.4,2007
Jumanji: Welcome to the Jungle,45,Sony,962.1,2017
Harry Potter and the Deathly Hallows Part 1,46,Warner Brothers,960.4,2010
The Hobbit: The Desolation of Smaug,47,Warner Brothers,958.4,2013
The Hobbit: The Battle of the Five Armies,48,Warner Brothers,956.0,2014
Finding Nemo,49,Buena Vista,940.3,2003
Harry Potter and the Order of the Phoenix,50,Warner Brothers,940.0,2007
Harry Potter and the Half-Blood Prince,51,Warner Brothers,934.5,2009
The Lord of the Rings: The Two Towers,52,New Line,926.0,2002
Shrek 2,53,Dreamworks,919.8,2004
Bohemian Rhapsody,54,Fox,903.7,2018
Harry Potter and the Goblet of Fire,55,Warner Brothers,897.1,2005
Spider-Man 3,56,Sony,890.9,2007
Ice Age: Dawn of the Dinosaurs,57,Fox,886.7,2009
Spectre,58,Sony,880.7,2015
Aladdin,59,Buena Vista,880.2,2019
Spider-Man: Homecoming,60,Sony,880.2,2017
Harry Potter and the Chamber of Secrets,61,Warner Brothers,879.2,2002
Ice Age: Continental Drift,62,Fox,877.2,2012
The Secret Life of Pets,63,Universal,875.5,2016
Batman v Superman: Dawn of Justice,64,Warner Brothers,873.6,2016
The Lord of the Rings: The Fellowship of the Ring,65,New Line,871.5,2001
Wolf Warrior 2,66,HC,870.3,2017
The Hunger Games: Catching Fire,67,Lionsgate,865.0,2013
Guardians of the Galaxy Vol. 2,68,Buena Vista,863.8,2017
Inside Out,69,Buena Vista,857.6,2015
Venom,70,Sony,855.0,2018
Thor: Ragnarok,71,Buena Vista,854.0,2017
Star Wars: Episode III - Revenge of the Sith,72,Fox,848.8,2005
Transformers: Revenge of the Fallen,73,Paramount,836.3,2009
The Twilight Saga: Breaking Dawn Part 2,74,Lionsgate,829.7,2012
Inception,75,Warner Brothers,828.3,2010
Wonder Woman,76,Warner Brothers,821.8,2017
Spider-Man,77,Sony,821.7,2002
Independence Day,78,Fox,817.4,1996
Fantastic Beasts and Where To Find Them,79,Warner Brothers,814.0,2016
Coco,80,Buena Vista,807.1,2017
Shrek the Third,81,Dreamworks,799.0,2007
Harry Potter and the Prisoner of Azkaban,82,Warner Brothers,796.9,2004
Pirates of the Caribbean: Dead Men Tell No Tales,83,Buena Vista,794.9,2017
E.T.: The Extra-Terrestrial,84,Universal,792.9,1982
Mission: Impossible - Fallout,85,Paramount,791.1,2018
Fast & Furious 6,86,Universal,788.7,2013
Indiana Jones and the Kingdom of the Crystal Skull,87,Paramount,786.6,2008
Deadpool 2,88,Fox,785.0,2018
Spider-Man 2,89,Sony,783.8,2004
Deadpool,90,Fox,783.1,2016
Star Wars,91,Fox,775.4,1977
Guardians of the Galaxy,92,Buena Vista,773.3,2014
2012,93,Sony,769.7,2009
Maleficent,94,Buena Vista,758.5,2014
The Da Vinci Code,95,Sony,758.2,2006
The Amazing Spider-Man,96,Sony,757.9,2012
The Hunger Games: Mockingjay - Part 1,97,Lionsgate,755.4,2014
Shrek Forever After,98,Dreamworks,752.6,2010
X-Men: Days of Future Past,99,Fox,747.9,2014
Madagascar 3: Europe's Most Wanted,100,Dreamworks,746.9,2012
Suicide Squad,101,Warner Brothers,746.8,2016
"The Chronicles of Narnia: The Lion, the Witch and the Wardrobe",102,Buena Vista,745.0,2005
Monsters University,103,Buena Vista,744.2,2013
The Matrix Reloaded,104,Warner Brothers,742.1,2003
Up,105,Buena Vista,735.1,2009
Gravity,106,Warner Brothers,723.2,2013
Captain America: The Winter Soldier,107,Buena Vista,714.3,2014
The Twilight Saga: Breaking Dawn Part 1,108,Lionsgate,712.2,2011
Dawn of the Planet of the Apes,109,Fox,710.6,2014
The Twilight Saga: New Moon,110,Lionsgate,709.7,2009
Transformers,111,Paramount,709.7,2007
The Amazing Spider-Man 2,112,Sony,709.0,2014
It,113,Warner Brothers,700.4,2017
The Wandering Earth,114,China Film Corporation,699.8,2019
The Twilight Saga: Eclipse,115,Lionsgate,698.5,2010
Mission: Impossible - Ghost Protocol,116,Paramount,694.7,2011
The Hunger Games,117,Lionsgate,694.4,2012
Mission: Impossible - Rogue Nation,118,Paramount,682.7,2015
Forrest Gump,119,Paramount,677.9,1994
Doctor Strange,120,Buena Vista,677.7,2016
Interstellar,121,Paramount,677.5,2014
The Sixth Sense,122,Buena Vista,672.8,1999
Man of Steel,123,Warner Brothers,668.0,2013
Kung Fu Panda 2,124,Dreamworks,665.7,2011
Ice Age: The Meltdown,125,Fox,660.9,2006
Justice League,126,Warner Brothers,657.9,2017
Big Hero 6,127,Buena Vista,657.8,2014
Pirates of the Caribbean: The Curse of the Black Pearl,128,Buena Vista,654.3,2003
Fantastic Beasts: The Crimes of Grindelwald,129,Warner Brothers,653.8,2018
The Hunger Games: Mockingjay - Part 2,130,Lionsgate,653.4,2015
Star Wars: Episode II - Attack of the Clones,131,Fox,649.4,2002
Thor: The Dark World,132,Buena Vista,644.6,2013
Moana,133,Buena Vista,643.3,2016
Sing,134,Universal,634.2,2016
The Incredibles,135,Buena Vista,633.0,2004
Kung Fu Panda,136,Dreamworks,631.7,2008
The Martian,137,Fox,630.2,2015
Fast Five,138,Universal,626.1,2011
Hancock,139,Sony,624.4,2008
MIB 3,140,Sony,624.0,2012
Iron Man 2,141,Paramount,623.9,2010
Ant-Man and the Wasp,142,Buena Vista,622.7,2018
How to Train Your Dragon 2,143,Fox,621.5,2014
Ratatouille,144,Buena Vista,620.7,2007
Logan,145,Fox,619.0,2017
The Lost World: Jurassic Park,146,Universal,618.6,1997
The Passion of the Christ,147,Newmarket,611.9,2004
Mamma Mia!,148,Universal,609.9,2008
Life of Pi,149,Fox,609.0,2012
Transformers: The Last Knight,150,Paramount,605.4,2017
Madagascar: Escape 2 Africa,151,Dreamworks,603.9,2008
Casino Royale,152,Sony,599.0,2006
Tangled,153,Buena Vista,591.8,2010
War of the Worlds,154,Paramount,591.7,2005
Men in Black,155,Sony,589.4,1997
The Croods,156,Fox,587.2,2013
The Hangover Part II,157,Warner Brothers,586.8,2011
Quantum of Solace,158,Sony,586.1,2008
I Am Legend,159,Warner Brothers,585.3,2007
Iron Man,160,Paramount,585.2,2008
Ready Player One,161,Warner Brothers,582.9,2018
Operation Red Sea,162,WGUSA,579.2,2018
"Monsters, Inc.",163,Buena Vista,577.4,2001
Night at the Museum,164,Fox,574.5,2006
Fifty Shades of Grey,165,Universal,571.0,2015
Kong: Skull Island,166,Warner Brothers,566.7,2017
The Smurfs,167,Sony,563.7,2011
Cars 2,168,Buena Vista,562.1,2011
Puss in Boots,169,Dreamworks,555.0,2011
The Mermaid (Mei ren yu),170,Sony,553.8,2016
Armageddon,171,Buena Vista,553.7,1998
King Kong,172,Universal,550.5,2005
Ted,173,Universal,549.4,2012
American Sniper,174,Warner Brothers,547.4,2014
Mission: Impossible II,175,Paramount,546.4,2000
Sherlock Holmes: A Game of Shadows,176,Warner Brothers,545.4,2011
The Day After Tomorrow,177,Fox,544.3,2004
Detective Chinatown 2,178,Warner Brothers,544.1,2018
X-Men: Apocalypse,179,Fox,543.9,2016
Cinderella,180,Buena Vista,543.5,2015
Despicable Me,181,Universal,543.1,2010
Brave,182,Buena Vista,540.4,2012
World War Z,183,Paramount,540.0,2013
The Empire Strikes Back,184,Fox,538.4,1980
WALL-E,185,Buena Vista,533.3,2008
The Revenant,186,Fox,533.0,2015
Madagascar,187,Dreamworks,532.7,2005
The Meg,188,Warner Brothers,530.2,2018
Ralph Breaks the Internet,189,Buena Vista,529.3,2018
Godzilla,190,Warner Brothers,529.1,2014
Hotel Transylvania 3: Summer Vacation,191,Sony,528.6,2018
The Boss Baby,192,Fox,528.0,2017
The Simpsons Movie,193,Fox,527.1,2007
Dunkirk,194,Warner Brothers,526.9,2017
Sherlock Holmes,195,Warner Brothers,524.0,2009
Kung Fu Panda 3,196,Fox,521.2,2016
Terminator 2: Judgment Day,197,TriStar,520.9,1991
Toy Story 4,198,Buena Vista,519.8,2019
How to Train Your Dragon: The Hidden World,199,Universal,519.8,2019
Ant-Man,200,Buena Vista,519.3,2015
Meet the Fockers,201,Universal,516.6,2004
Dr. Seuss' The Grinch,202,Universal,511.6,2018
Ghost,203,Paramount,505.7,1990
Aladdin,204,Buena Vista,504.1,1992
Rio 2,205,Fox,500.1,2014
Troy,206,Warner Brothers,497.4,2004
Toy Story 2,207,Buena Vista,497.4,1999
How to Train Your Dragon,208,Dreamworks,494.9,2010
Twister,209,Warner Brothers,494.5,1996
Teenage Mutant Ninja Turtles,210,Paramount,493.3,2014
Oz The Great and Powerful,211,Buena Vista,493.3,2013
Clash of the Titans,212,Warner Brothers,493.2,2010
War for the Planet of the Apes,213,Fox,490.7,2017
Angels & Demons,214,Sony,485.9,2009
Rio,215,Fox,484.6,2011
Bruce Almighty,216,Universal,484.6,2003
Shrek,217,Dreamworks,484.4,2001
Saving Private Ryan,218,Dreamworks,482.3,1998
Rise of the Planet of the Apes,219,Fox,481.8,2011
Mr. & Mrs. Smith,220,Fox,478.2,2005
Home Alone,221,Fox,476.7,1990
Return of the Jedi,222,Fox,475.1,1983
Charlie and the Chocolate Factory,223,Warner Brothers,475.0,2005
Hotel Transylvania 2,224,Sony,474.8,2015
Indiana Jones and the Last Crusade,225,Paramount,474.2,1989
San Andreas,226,Warner Brothers,474.0,2015
Wreck-It Ralph,227,Buena Vista,471.2,2012
Jaws,228,Universal,470.7,1975
The LEGO Movie,229,Warner Brothers,469.2,2014
Bumblebee,230,Paramount,468.0,2018
The Hangover,231,Warner Brothers,467.5,2009
Star Trek Into Darkness,232,Paramount,467.4,2013
The Matrix,233,Warner Brothers,463.5,1999
Pretty Woman,234,Buena Vista,463.4,1990
Lucy,235,Universal,463.4,2014
Cars,236,Buena Vista,462.2,2006
Gladiator,237,Dreamworks,460.6,2000
X-Men: The Last Stand,238,Fox,459.4,2006
Mission: Impossible,239,Paramount,457.7,1996
National Treasure: Book of Secrets,240,Buena Vista,457.4,2007
The Last Samurai,241,Warner Brothers,456.8,2003
300,242,Warner Brothers,456.1,2007
Ocean's Eleven,243,Warner Brothers,450.7,2001
Thor,244,Paramount,449.3,2011
Pearl Harbor,245,Buena Vista,449.2,2001
Tarzan,246,Buena Vista,448.2,1999
La La Land,247,Lionsgate,446.1,2016
Alvin and the Chipmunks: The Squeakquel,248,Fox,443.1,2009
The Bourne Ultimatum,249,Universal,442.8,2007
Men in Black II,250,Sony,441.8,2002
Les Miserables,251,Universal,441.8,2012
The Exorcist,252,Warner Brothers,441.3,1973
Mrs. Doubtfire,253,Fox,441.3,1993
Terminator: Genisys,254,Paramount,440.6,2015
The Greatest Showman,255,Fox,435.0,2017
A Star is Born,256,Warner Brothers,434.9,2018
Warcraft,257,Universal,433.7,2016
Terminator 3: Rise of the Machines,258,Warner Brothers,433.4,2003
The Mummy Returns,259,Universal,433.0,2001
Die Another Day,260,MGM,432.0,2002
Cast Away,261,Fox,429.6,2000
Rampage,262,Warner Brothers,428.0,2018
Pokemon Detective Pikachu,263,Warner Brothers,427.5,2019
The Matrix Revolutions,264,Warner Brothers,427.3,2003
The Intouchables,265,Weinstein,426.6,2012
Django Unchained,266,Weinstein,425.4,2012
Beauty and the Beast,267,Buena Vista,425.0,1991
Dances with Wolves,268,Orion,424.2,1990
The Chronicles of Narnia: Prince Caspian,269,Buena Vista,419.7,2008
The Mummy,270,Universal,415.9,1999
The Chronicles of Narnia: The Voyage of the Dawn Treader,271,Fox,415.7,2010
Jason Bourne,272,Universal,415.5,2016
Sex and the City,273,Warner Brothers,415.3,2008
The Wolverine,274,Fox,414.8,2013
Kingsman: The Secret Service,275,Fox,414.4,2015
The King's Speech,276,Weinstein,414.2,2010
Night at the Museum: Battle of the Smithsonian,277,Fox,413.1,2009
Batman,278,Warner Brothers,411.5,1989
The Bodyguard,279,Warner Brothers,411.0,1992
Pacific Rim,280,Warner Brothers,411.0,2013
Kingsman: The Golden Circle,281,Fox,410.9,2017
The Mummy,282,Universal,409.2,2017
Ice Age: Collision Course,283,Fox,408.6,2016
Signs,284,Buena Vista,408.2,2002
X2: X-Men United,285,Fox,407.7,2003
Alita: Battle Angel,286,Fox,404.9,2019
Prometheus,287,Fox,403.4,2012
Gone with the Wind,288,MGM,402.4,1939
The Mummy: Tomb of the Dragon Emperor,289,Universal,401.1,2008
Tron Legacy,290,Buena Vista,400.1,2010
Mission: Impossible III,291,Paramount,397.9,2006
Snow White and the Huntsman,292,Universal,396.6,2012
Grease,293,Paramount,396.2,1978
Mamma Mia! Here We Go Again,294,Universal,395.0,2018
Twilight,295,Lionsgate,393.6,2008
Solo: A Star Wars Story,296,Buena Vista,392.9,2018
The Wolf of Wall Street,297,Paramount,392.0,2013
Superman Returns,298,Warner Brothers,391.1,2006
Robin Hood: Prince of Thieves,299,Warner Brothers,390.5,1991
Raiders of the Lost Ark,300,Paramount,389.9,1981
Independence Day: Resurgence,301,Fox,389.7,2016
Home,302,Fox,386.0,2015
Star Trek,303,Paramount,385.7,2009
Monster Hunt,304,FR,385.3,2016
Happy Feet,305,Warner Brothers,384.3,2006
Cars 3,306,Buena Vista,383.9,2017
Live Free or Die Hard,307,Fox,383.5,2007
Ice Age,308,Fox,383.3,2002
Fifty Shades Darker,309,Universal,381.5,2017
Monsters Vs. Aliens,310,Dreamworks,381.5,2009
Back to the Future,311,Universal,381.1,1985
Godzilla,312,Sony,379.0,1998
True Lies,313,Fox,378.9,1994
Mad Max: Fury Road,314,Warner Brothers,378.9,2015
Godzilla: King of the Monsters,315,Warner Brothers,378.1,2019
Slumdog Millionaire,316,Fox,377.9,2008
Taken 2,317,Fox,376.1,2012
G.I. Joe: Retaliation,318,Paramount,375.7,2013
Spider-Man: Into The Spider-Verse,319,Sony,375.5,2018
Batman Begins,320,Warner Brothers,374.2,2005
What Women Want,321,Paramount,374.1,2000
The Adventures of Tintin,322,Paramount,374.0,2011
Toy Story,323,Buena Vista,373.6,1995
X-Men Origins: Wolverine,324,Fox,373.1,2009
Penguins of Madagascar,325,Fox,373.0,2014
The Golden Compass,326,New Line,372.2,2007
Fifty Shades Freed,327,Universal,371.9,2018
Terminator Salvation,328,Warner Brothers,371.4,2009
Captain America: The First Avenger,329,Paramount,370.6,2011
Edge of Tomorrow,330,Warner Brothers,370.5,2014
There's Something About Mary,331,Fox,369.9,1998
Gone Girl,332,Fox,369.3,2014
The Fugitive,333,Warner Brothers,368.9,1993
Jurassic Park III,334,Universal,368.8,2001
My Big Fat Greek Wedding,335,IFC,368.7,2002
Hitch,336,Sony,368.1,2005
Shark Tale,337,Dreamworks,367.3,2004
Die Hard: With A Vengeance,338,Fox,366.1,1995
The Nun,339,Warner Brothers,365.6,2018
Shazam!,340,Warner Brothers,364.1,2019
Notting Hill,341,Universal,363.9,1999
A Bug's Life,342,Buena Vista,363.3,1998
Night at the Museum: Secret of the Tomb,343,Fox,363.2,2014
Fast and Furious,344,Universal,363.2,2009
Ocean's Twelve,345,Warner Brothers,362.7,2004
Noah,346,Paramount,362.6,2014
Planet of the Apes,347,Fox,362.2,2001
The Hangover Part III,348,Warner Brothers,362.0,2013
The World Is Not Enough,349,MGM,361.8,1999
Monster Hunt 2,350,Lionsgate,361.7,2018
Alvin and the Chipmunks,351,Fox,361.3,2007
The Karate Kid,352,Sony,359.1,2010
Home Alone 2: Lost in New York,353,Fox,359.0,1992
Hotel Transylvania,354,Sony,358.4,2012
Minority Report,355,Fox,358.4,2002
Your Name.,356,FUN,358.0,2017
Top Gun,357,Paramount,356.8,1986
The Legend of Tarzan,358,Warner Brothers,356.7,2016
American Beauty,359,Dreamworks,356.3,1999
Apollo 13,360,Universal,355.2,1995
Rain Man,361,MGM,354.8,1988
The Great Gatsby,362,Warner Brothers,353.6,2013
X-Men: First Class,363,Fox,353.6,2011
Basic Instinct,364,TriStar,352.9,1992
Murder on the Orient Express,365,Fox,352.8,2017
The Angry Birds Movie,366,Sony,352.3,2016
GoldenEye,367,MGM,352.2,1995
Catch Me If You Can,368,Dreamworks,352.1,2002
Dumbo,369,Buena Vista,351.8,2019
Now You See Me,370,Lionsgate,351.7,2013
Hannibal,371,MGM,351.7,2001
The Mask,372,New Line,351.6,1994
Peter Rabbit,373,Sony,351.3,2018
Speed,374,Fox,350.4,1994
Dinosaur,375,Buena Vista,349.8,2000
Mary Poppins Returns,376,Buena Vista,349.5,2018
Deep Impact,377,Paramount,349.5,1998
Dr. Seuss' The Lorax,378,Universal,348.8,2012
The Maze Runner,379,Fox,348.3,2014
The Smurfs 2,380,Sony,347.5,2013
National Treasure,381,Buena Vista,347.5,2004
Rush Hour 2,382,New Line,347.3,2001
"I, Robot",383,Fox,347.2,2004
Trolls,384,Fox,346.9,2016
xXx: The Return of Xander Cage,385,Paramount,346.1,2017
Pocahontas,386,Buena Vista,346.1,1995
How the Grinch Stole Christmas,387,Universal,345.1,2000
Star Trek Beyond,388,Paramount,343.5,2016
Alvin and the Chipmunks: Chipwrecked,389,Fox,342.7,2011
The Flintstones,390,Universal,341.6,1994
Wanted,391,Universal,341.4,2008
A Quiet Place,392,Paramount,340.9,2018
Enchanted,393,Buena Vista,340.5,2007
300: Rise of An Empire,394,Warner Brothers,337.6,2014
Batman Forever,395,Warner Brothers,336.6,1995
Prince of Persia: The Sands of Time,396,Buena Vista,336.4,2010
Over the Hedge,397,Dreamworks,336.0,2006
Journey 2: The Mysterious Island,398,Warner Brothers,335.3,2012
The Rock,399,Buena Vista,335.1,1996
The Great Wall,400,Universal,334.9,2017
Now You See Me 2,401,Lionsgate,334.9,2016
The Curious Case of Benjamin Button,402,Paramount,333.9,2008
Indiana Jones and the Temple of Doom,403,Paramount,333.1,1984
Tomorrow Never Dies,404,MGM,333.0,1997
The Good Dinosaur,405,Buena Vista,332.2,2015
Back to the Future Part II,406,Universal,332.0,1989
22 Jump Street,407,Sony,331.3,2014
Fantastic Four,408,Fox,330.6,2005
Meet the Parents,409,Universal,330.4,2000
Who Framed Roger Rabbit,410,Buena Vista,329.8,1988
Black Swan,411,Fox,329.4,2010
The Perfect Storm,412,Warner Brothers,328.7,2000
Crocodile Dundee,413,Paramount,328.2,1986
Seven,414,New Line,327.3,1995
The Devil Wears Prada,415,Fox,326.6,2006
Taken 3,416,Fox,326.5,2015
The Hunchback of Notre Dame,417,Buena Vista,325.3,1996
A Christmas Carol,418,Buena Vista,325.3,2009
The SpongeBob Movie: Sponge Out of Water,419,Paramount,325.2,2015
Schindler's List,420,Universal,322.1,1993
Megamind,421,Dreamworks,321.9,2010
Lethal Weapon 3,422,Warner Brothers,321.7,1992
Robin Hood,423,Universal,321.7,2010
Inglourious Basterds,424,Weinstein,321.5,2009
101 Dalmatians,425,Buena Vista,320.7,1996
The Conjuring 2,426,Warner Brothers,320.4,2016
Green Book,427,Universal,320.3,2018
Fatal Attraction,428,Paramount,320.1,1987
The Last Airbender,429,Paramount,319.7,2010
The Conjuring,430,Warner Brothers,319.5,2013
The Proposal,431,Buena Vista,317.4,2009
Beverly Hills Cop,432,Paramount,316.4,1984
Air Force One,433,Sony,315.2,1997
The Expendables 2,434,Lionsgate,315.0,2012
Chicken Little,435,Buena Vista,314.4,2005
As Good as It Gets,436,Sony,314.2,1997
A Beautiful Mind,437,Universal,313.5,2001
Maze Runner: The Scorch Trials,438,Fox,312.3,2015
Resident Evil: The Final Chapter,439,Sony,312.2,2017
Austin Powers: The Spy Who Shagged Me,440,New Line,312.0,1999
The LEGO Batman Movie,441,Warner Brothers,312.0,2017
The Polar Express,442,Warner Brothers,311.4,2004
Ocean's Thirteen,443,Warner Brothers,311.3,2007
Little Fockers,444,Universal,310.7,2010
Bolt,445,Buena Vista,310.0,2008
Ransom,446,Buena Vista,309.5,1996
Runaway Bride,447,Paramount,309.5,1999
The Blind Side,448,Warner Brothers,309.2,2009
The Fault in our Stars,449,Fox,307.2,2014
The Pursuit of Happyness,450,Sony,307.1,2006
Rise of the Guardians,451,Dreamworks,306.9,2012
Close Encounters of the Third Kind,452,Columbia,306.9,1977
Chicago,453,Miramax,306.8,2002
Annabelle: Creation,454,Warner Brothers,306.5,2017
Wonder,455,Lionsgate,305.9,2017
Wrath of the Titans,456,Warner Brothers,305.3,2012
Skyscraper,457,Universal,304.9,2018
John Wick: Chapter 3 - Parabellum,458,Lionsgate,304.7,2019
A Good Day to Die Hard,459,Fox,304.7,2013
Mulan,460,Buena Vista,304.3,1998
Passengers,461,Sony,303.1,2016
Battleship,462,Universal,303.0,2012
Dangal,463,UTV,302.9,2016
Liar Liar,464,Universal,302.7,1997
G.I. Joe: The Rise of Cobra,465,Paramount,302.5,2009
Hook,466,TriStar,300.9,1991
Rocky IV,467,MGM,300.5,1985
Superman,468,Warner Brothers,300.5,1978
Rambo: First Blood Part II,469,TriStar,300.4,1985
Van Helsing,470,Universal,300.3,2004
Resident Evil: Afterlife,471,Sony,300.2,2010
Stuart Little,472,Sony,300.1,1999
Beverly Hills Cop II,473,Paramount,300.0,1987
Alice Through the Looking Glass,474,Buena Vista,299.5,2016
My Best Friend's Wedding,475,Sony,299.3,1997
Real Steel,476,Buena Vista,299.3,2011
Ocean's 8,477,Warner Brothers,297.7,2018
The Divergent Series: Insurgent,478,Lionsgate,297.3,2015
Dr. Seuss' Horton Hears a Who!,479,Fox,297.1,2008
Look Who's Talking,480,TriStar,297.0,1989
Austin Powers in Goldmember,481,New Line,296.7,2002
Miss Peregrine's Home for Peculiar Children,482,Fox,296.5,2016
X-Men,483,Fox,296.3,2000
Ferdinand,484,Fox,296.1,2017
Ghostbusters,485,Columbia,295.2,1984
Shutter Island,486,Paramount,294.8,2010
Doctor Dolittle,487,Fox,294.5,1998
Salt,488,Sony,293.5,2010
G-Force,489,Buena Vista,292.8,2009
The Departed,490,Warner Brothers,291.5,2006
What Lies Beneath,491,Dreamworks,291.4,2000
Pacific Rim Uprising,492,Universal,290.9,2018
Shakespeare in Love,493,Miramax,289.3,1998
Fantastic Four: Rise of the Silver Surfer,494,Fox,289.0,2007
Divergent,495,Lionsgate,288.9,2014
Coming to America,496,Paramount,288.8,1988
The Bourne Supremacy,497,Universal,288.5,2004
Bridesmaids,498,Universal,288.4,2011
Sex and the City 2,499,Warner Brothers,288.3,2010
Maze Runner: The Death Cure,500,Fox,288.3,2018
Casper,501,Universal,287.9,1995
Bee Movie,502,Dreamworks,287.6,2007
American Pie 2,503,Universal,287.6,2001
Pitch Perfect 2,504,Universal,287.5,2015
The Green Mile,505,Warner Brothers,286.8,1999
Oblivion,506,Universal,286.2,2013
Elysium,507,TriStar,286.1,2013
Lethal Weapon 4,508,Warner Brothers,285.4,1998
Wedding Crashers,509,New Line,285.2,2005
John Carter,510,Buena Vista,284.1,2012
Turbo,511,Fox,282.6,2013
Bridget Jones's Diary,512,Miramax,281.9,2001
Split,513,Universal,278.5,2017
The Tourist,514,Sony,278.3,2010
Scary Movie,515,Miramax,278.0,2000
XXX,516,SonR,277.4,2002
Spirited Away,517,Buena Vista,277.3,2002
The Bourne Legacy,518,Universal,276.1,2012
Mr. Peabody & Sherman,519,Fox,275.7,2014
Scooby-Doo,520,Warner Brothers,275.7,2002
Lincoln,521,Buena Vista,275.3,2012
Lara Croft: Tomb Raider,522,Paramount,274.7,2001
Tomb Raider,523,Warner Brothers,274.7,2018
The Expendables,524,Lionsgate,274.5,2010
Cloudy with a Chance of Meatballs 2,525,Sony,274.3,2013
The Nutty Professor,526,Universal,274.0,1996
Jerry Maguire,527,Sony,273.6,1996
Bad Boys II,528,Sony,273.3,2003
Lilo & Stitch,529,Buena Vista,273.1,2002
The Silence of the Lambs,530,Orion,272.7,1991
Grown Ups,531,Sony,271.4,2010
Neighbors,532,Universal,270.7,2014
The Firm,533,Paramount,270.2,1993
We're the Millers,534,Warner Brothers,270.0,2013
Gran Torino,535,Warner Brothers,270.0,2008
"10,000 B.C.",536,Warner Brothers,269.8,2008
Epic,537,Fox,268.4,2013
Exodus: Gods and Kings,538,Fox,268.2,2014
Paddington,539,Dimension,268.0,2015
Bambi,540,RKO,267.4,1942
The Princess and the Frog,541,Buena Vista,267.0,2009
Batman Returns,542,Warner Brothers,266.9,1992
Something's Gotta Give,543,Sony,266.7,2003
Indecent Proposal,544,Paramount,266.6,1993
American Gangster,545,Universal,266.5,2007
Waterworld,546,Universal,264.2,1995
The Truman Show,547,Paramount,264.1,1998
Charlie's Angels,548,Sony,264.1,2000
The Fifth Element,549,Sony,263.9,1997
The Incredible Hulk,550,Universal,263.4,2008
Jumanji,551,Sony,262.8,1995
Bridget Jones: The Edge of Reason,552,Universal,262.5,2004
Knight & Day,553,Fox,261.9,2010
Borat: Cultural Learnings of America for Make Benefit Glorious Nation of Kazakhstan,554,Fox,261.6,2006
Total Recall,555,Sony,261.3,1990
Michael Jackson's This Is It,556,Sony,261.2,2009
Robots,557,Fox,260.7,2005
The Lone Ranger,558,Buena Vista,260.5,2013
Super 8,559,Paramount,260.1,2011
Mojin: The Lost Legend,560,WGUSA,259.4,2015
Blade Runner 2049,561,Warner Brothers,259.2,2017
Charlie's Angels: Full Throttle,562,Sony,259.2,2003
Rush Hour 3,563,New Line,258.0,2007
The Full Monty,564,Fox,257.9,1997
Annabelle,565,Warner Brothers,257.0,2014
The Village,566,Buena Vista,256.7,2004
Lost in Hong Kong,567,WGUSA,256.3,2015
Erin Brockovich,568,Universal,256.3,2000
Halloween,569,Universal,255.5,2018
Get Out,570,Universal,255.4,2017
Cliffhanger,571,TriStar,255.0,1993
Us,572,Universal,254.7,2019
Kung Fu Yoga,573,WGUSA,254.2,2017
Baahubali 2: The Conclusion,574,GrtIndia,254.2,2017
Babe,575,Universal,254.1,1995
Wild Hogs,576,Buena Vista,253.6,2007
High School Musical 3: Senior Year,577,Buena Vista,252.9,2008
Hercules,578,Buena Vista,252.7,1997
True Grit,579,Paramount,252.3,2010
Bean,580,Polygram,251.2,1997
American Hustle,581,Sony,251.2,2013
You've Got Mail,582,Warner Brothers,250.8,1998
Enemy of the State,583,Buena Vista,250.6,1998
Brother Bear,584,Buena Vista,250.4,2003
The Mask of Zorro,585,Sony,250.3,1998
Eragon,586,Fox,249.5,2006
The Ring,587,Dreamworks,249.3,2002
The Blair Witch Project,588,Artisan,248.6,1999
Unbreakable,589,Buena Vista,248.1,2000
Dumb and Dumber,590,New Line,247.3,1994
Glass,591,Universal,247.0,2019
Grown Ups 2,592,Sony,247.0,2013
Love Actually,593,Universal,246.9,2003
Journey to the West: The Demons Strike Back,594,Sony,246.6,2017
The Peanuts Movie,595,Fox,246.2,2015
Rango,596,Paramount,245.7,2011
Four Weddings and a Funeral,597,Polygram,245.7,1994
Face/Off,598,Paramount,245.7,1997
Teenage Mutant Ninja Turtles: Out of the Shadows,599,Paramount,245.6,2016
Dark Shadows,600,Warner Brothers,245.5,2012
Hulk,601,Universal,245.4,2003
Bienvenue chez les Ch'tis,602,Pathe,245.1,2008
Dark Phoenix,603,Fox,245.1,2019
The Godfather,604,Paramount,245.1,1972
Pixels,605,Sony,244.9,2015
Hercules,606,Paramount,244.8,2014
Back to the Future Part III,607,Universal,244.5,1990
Rush Hour,608,New Line,244.4,1998
After Earth,609,Sony,243.8,2013
A Few Good Men,610,Columbia,243.2,1992
Cloudy with a Chance of Meatballs,611,Sony,243.0,2009
8 Mile,612,Universal,242.9,2002
Daddy's Home,613,Paramount,242.8,2015
Marley and Me,614,Fox,242.7,2008
RoboCop,615,Sony,242.7,2014
Eraser,616,Warner Brothers,242.3,1996
Journey to the Center of the Earth,617,Warner Brothers,242.0,2008
Assassin's Creed,618,Fox,240.9,2016
Alien: Covenant,619,Fox,240.9,2017
Sully,620,Warner Brothers,240.8,2016
Die Hard 2: Die Harder,621,Fox,240.0,1990
Resident Evil: Retribution,622,Sony,240.0,2012
Crocodile Dundee II,623,Paramount,239.6,1988
Planes,624,Buena Vista,239.3,2013
Crazy Rich Asians,625,Warner Brothers,238.5,2018
Batman and Robin,626,Warner Brothers,238.2,1997
Click,627,SonR,237.7,2006
Gulliver's Travels,628,Fox,237.4,2010
Gone in 60 Seconds,629,Buena Vista,237.2,2000
Saturday Night Fever,630,Paramount,237.1,1977
Silver Linings Playbook,631,Weinstein,236.4,2012
2 Fast 2 Furious,632,Universal,236.4,2003
Howl's Moving Castle,633,Buena Vista,236.0,2005
Hidden Figures,634,Fox,236.0,2016
A.I. Artificial Intelligence,635,Warner Brothers,235.9,2001
Dead Poets Society,636,Buena Vista,235.9,1989
Spy,637,Fox,235.7,2015
American Pie,638,Universal,235.5,1999
American Reunion,639,Universal,235.0,2012
Big Daddy,640,Sony,234.8,1999
Alvin and the Chipmunks: The Road Chip,641,Fox,234.8,2015
The Imitation Game,642,Weinstein,233.6,2014
The Day the Earth Stood Still,643,Fox,233.1,2008
The Girl with the Dragon Tattoo,644,Sony,232.6,2011
Argo,645,Warner Brothers,232.3,2012
The English Patient,646,Miramax,232.0,1996
Sister Act,647,Buena Vista,231.6,1992
American Wedding,648,Universal,231.4,2003
Juno,649,Fox,231.4,2007
Constantine,650,Warner Brothers,230.9,2005
Get Smart,651,Warner Brothers,230.7,2008
Space Jam,652,Warner Brothers,230.4,1996
The Heat,653,Fox,229.9,2013
Mr. Bean's Holiday,654,Universal,229.7,2007
Life Is Beautiful,655,Miramax,229.2,1998
Ghostbusters,656,Sony,229.1,2016
Ghost Rider,657,Sony,228.7,2007
Goodbye Mr. Loser,658,CL,228.1,2015
Sleepless in Seattle,659,TriStar,227.9,1993
Lethal Weapon 2,660,Warner Brothers,227.9,1989
The Green Hornet,661,Sony,227.8,2011
Out of Africa,662,Universal,227.5,1985
Paddington 2,663,Warner Brothers,227.3,2018
Baby Driver,664,TriStar,226.9,2017
Immortals,665,Rela.,226.9,2011
Taken,666,Fox,226.8,2009
Percy Jackson & The Olympians: The Lightning Thief,667,Fox,226.5,2010
Hansel and Gretel: Witch Hunters,668,Paramount,226.3,2013
Good Will Hunting,669,Miramax,225.9,1997
The Secret Life of Pets 2,670,Universal,225.9,2019
Valerian and the City of a Thousand Planets,671,Lionsgate,225.9,2017
The Social Network,672,Sony,224.9,2010
Chicken Run,673,Dreamworks,224.8,2000
Con Air,674,Buena Vista,224.0,1997
Interview with the Vampire,675,Warner Brothers,223.7,1994
Flightplan,676,Buena Vista,223.4,2005
Yes Man,677,Warner Brothers,223.2,2008
Non-Stop,678,Universal,222.8,2014
"Honey, I Shrunk the Kids",679,Buena Vista,222.7,1989
Fahrenheit 9/11,680,Lions,222.4,2004
Jumper,681,Fox,222.2,2008
Wild Wild West,682,Warner Brothers,222.1,1999
Geostorm,683,Warner Brothers,221.6,2017
Presumed Innocent,684,Warner Brothers,221.3,1990
Elf,685,New Line,220.9,2003
Men in Black International,686,Sony,220.8,2019
Scary Movie 3,687,Dimension,220.7,2003
Inferno,688,Sony,220.0,2016
Green Lantern,689,Warner Brothers,219.9,2011
The Terminal,690,Dreamworks,219.4,2004
What Happens in Vegas,691,Fox,219.4,2008
It's Complicated,692,Universal,219.1,2009
Knocked Up,693,Universal,219.1,2007
Captain Phillips,694,Sony,218.8,2013
The Prince of Egypt,695,Dreamworks,218.6,1998
Jack Reacher,696,Paramount,218.3,2012
The Emoji Movie,697,Sony,217.8,2017
Collateral,698,Dreamworks,217.8,2004
Dracula Untold,699,Universal,217.1,2014
Central Intelligence,700,Warner Brothers,217.0,2016
Million Dollar Baby,701,Warner Brothers,216.8,2004
Ted 2,702,Universal,216.7,2015
The Help,703,Buena Vista,216.6,2011
Twins,704,Universal,216.6,1988
Valentine's Day,705,Warner Brothers,216.5,2010
Bad Teacher,706,Sony,216.2,2011
Clear and Present Danger,707,Paramount,215.9,1994
101 Dalmatians,708,Buena Vista,215.9,1961
Bram Stoker's Dracula,709,Columbia,215.9,1992
Vertical Limit,710,Sony,215.7,2000
Ghostbusters II,711,Columbia,215.4,1989
The Patriot,712,Sony,215.3,2000
The Sorcerer's Apprentice,713,Buena Vista,215.3,2010
Just Go With It,714,Sony,214.9,2011
The Expendables 3,715,Lionsgate,214.7,2014
Dirty Dancing,716,Vestron,214.6,1987
Smallfoot,717,Warner Brothers,214.1,2018
Creed II,718,MGM,214.1,2018
Public Enemies,719,Universal,214.1,2009
The Bourne Identity,720,Universal,214.0,2002
Disclosure,721,Warner Brothers,214.0,1994
Pulp Fiction,722,Miramax,213.9,1994
The Aviator,723,Miramax,213.7,2004
"Crouching Tiger, Hidden Dragon",724,Sony,213.5,2000
Braveheart,725,Paramount,213.2,1995
Into the Woods,726,Buena Vista,213.1,2014
Bedtime Stories,727,Buena Vista,212.9,2008
Miss Congeniality,728,Warner Brothers,212.7,2000
Entrapment,729,Fox,212.4,1999
Ace Ventura: When Nature Calls,730,Warner Brothers,212.4,1995
Master and Commander: The Far Side of the World,731,Fox,212.0,2003
End of Days,732,Universal,212.0,1999
Bridget Jones's Baby,733,Universal,212.0,2016
Battle: Los Angeles,734,Sony,211.8,2011
Fury,735,Sony,211.8,2014
Due Date,736,Warner Brothers,211.8,2010
Kingdom of Heaven,737,Fox,211.7,2005
The Little Mermaid,738,Buena Vista,211.3,1989
Australia,739,Fox,211.3,2008
District 9,740,TriStar,210.8,2009
Moonraker,741,MGM,210.3,1979
The Others,742,Miramax,209.9,2001
Horrible Bosses,743,Warner Brothers,209.6,2011
Red Dragon,744,Universal,209.2,2002
Tomorrowland,745,Buena Vista,209.2,2015
Lemony Snicket's A Series of Unfortunate Events,746,Paramount,209.1,2004
Me Before You,747,Warner Brothers,208.3,2016
Safe House,748,Universal,208.1,2012
S.W.A.T.,749,Sony,207.7,2003
Traffic,750,USA,207.5,2000
The Fast and the Furious,751,Universal,207.3,2001
Paranormal Activity 3,752,Paramount,207.0,2011
Philadelphia,753,TriStar,206.7,1993
Sleepy Hollow,754,Paramount,206.1,1999
The Jungle Book,755,Buena Vista,205.8,1967
London Has Fallen,756,Focus,205.8,2016
Journey to the West,757,Magn.,205.6,2014
JFK,758,Warner Brothers,205.4,1991
White House Down,759,Sony,205.4,2013
The Ugly Truth,760,Sony,205.3,2009
The Holiday,761,Sony,205.1,2006
A Dog's Purpose,762,Universal,205.0,2017
The Break-Up,763,Universal,205.0,2006
Eat Pray Love,764,Sony,204.6,2010
King Arthur,765,Buena Vista,203.6,2004
Everest,766,Universal,203.4,2015
Vanilla Sky,767,Paramount,203.4,2001
Arrival,768,Paramount,203.4,2016
Need for Speed,769,Buena Vista,203.3,2014
Hairspray,770,New Line,202.5,2007
Ponyo,771,Buena Vista,202.4,2009
Patch Adams,772,Universal,202.3,1998
Fun with Dick and Jane,773,Sony,202.0,2005
Teenage Mutant Ninja Turtles,774,New Line,202.0,1990
Kindergarten Cop,775,Universal,202.0,1990
Straight Outta Compton,776,Universal,201.6,2015
21 Jump Street,777,Sony,201.6,2012
Yogi Bear,778,Warner Brothers,201.6,2010
Garfield: The Movie,779,Fox,200.8,2004
Cats & Dogs,780,Warner Brothers,200.7,2001
The Hunt for Red October,781,Paramount,200.5,1990
Valkyrie,782,MGM,200.3,2008
